id,label,start_time,end_time
1,pytorch_torch,2016-10-01 00:00:00,2020-01-30 00:00:00
2,seuretm_ocrd_typegroups_classifier,2018-11-12 22:46:25,2020-01-30 00:00:00
3,bomri_pytorch-checkpoint,2019-05-23 22:51:11,2020-01-30 00:00:00
4,haoxizhong_taboo,2019-10-27 15:22:15,2020-01-30 00:00:00
5,johntd54_dawnet,2018-10-24 23:03:41,2020-01-30 00:00:00
6,guokr_TorchCTR,2019-08-05 16:47:27,2020-01-30 00:00:00
7,MIC-DKFZ_TractSeg,2019-11-21 15:18:22,2020-01-30 00:00:00
8,dccxx_pip,2019-01-12 17:21:19,2020-01-30 00:00:00
9,arita37_cli_code,2019-07-25 17:54:21,2020-01-30 00:00:00
10,wwwbbb8510_bidcap,2019-03-11 12:10:28,2020-01-30 00:00:00
11,JohnVinyard_zounds,2017-08-25 03:07:18,2020-01-30 00:00:00
12,EvilPsyCHo_TaskBot,2018-07-13 18:20:21,2020-01-30 00:00:00
13,JesperDramsch_keras-complex,2019-10-16 00:13:57,2020-01-30 00:00:00
14,robotlearn_pyrobolearn,2019-04-16 13:00:12,2020-01-30 00:00:00
15,DeepRank_iScore,2019-08-23 11:32:48,2020-01-30 00:00:00
16,rusty1s_pytorch_bincount,2018-06-05 15:44:23,2020-01-30 00:00:00
17,Nrgeup_EasyNLP,2019-07-18 07:01:56,2020-01-30 00:00:00
18,yuezhihan_geyser,2019-06-06 23:42:32,2020-01-30 00:00:00
19,jimmy60504_SeisNN,2019-05-14 03:22:14,2020-01-30 00:00:00
20,LauraMartinus_ukuxhumana,2018-11-18 10:17:29,2020-01-30 00:00:00
21,GeoffreyChen777_TorchRecord,2018-12-17 14:13:15,2020-01-30 00:00:00
22,dmxj_icv,2019-05-07 20:57:18,2020-01-30 00:00:00
23,cpnota_autonomous-learning-library,2020-01-10 20:21:47,2020-01-30 00:00:00
24,VinF_deer,2018-11-25 01:44:14,2020-01-30 00:00:00
25,louis030195_xmoto-gym,2019-01-27 12:04:51,2020-01-30 00:00:00
26,mrdrozdov_pytorch-extras,2018-10-23 02:03:48,2020-01-30 00:00:00
27,TowardHumanizedInteraction_TripletTorch,2019-10-07 05:40:43,2020-01-30 00:00:00
28,YosefLab_scVI,2018-06-12 20:39:40,2020-01-30 00:00:00
29,chenyaofo_flame,2019-10-29 07:23:49,2020-01-30 00:00:00
30,ryuz_BinaryBrain,2019-09-15 07:26:51,2020-01-30 00:00:00
31,jtoy_sensenet,2017-12-10 12:29:09,2020-01-30 00:00:00
32,rohitgr7_tvmodels,2019-06-01 13:13:19,2020-01-30 00:00:00
33,aiqm_torchani,2018-09-26 19:06:32,2020-01-30 00:00:00
34,csmithchicago_YouChoose,2019-07-02 01:43:37,2020-01-30 00:00:00
35,wesselb_wbml,2019-10-29 22:02:24,2020-01-30 00:00:00
36,rwightman_pytorch-image-models,2019-06-21 21:41:52,2020-01-30 00:00:00
37,neurodata_primitives-interfaces,2019-02-01 04:19:53,2020-01-30 00:00:00
38,jotaf98_overboard,2018-12-29 12:34:39,2020-01-30 00:00:00
39,neurodata_ndmg,2019-10-18 01:03:04,2020-01-30 00:00:00
40,allenai_bilm-tf,2018-10-08 21:48:56,2020-01-30 00:00:00
41,Statham-stone_MultiRunner,2018-03-26 10:16:58,2020-01-30 00:00:00
42,RedisAI_redisai-py,2019-04-13 21:26:14,2020-01-30 00:00:00
43,blazee-io_blazee-python,2019-04-12 19:19:29,2020-01-30 00:00:00
44,Catastropha_ignis,2019-08-18 05:46:20,2020-01-30 00:00:00
45,sytelus_regim,2019-01-04 13:36:35,2020-01-30 00:00:00
46,MarcioPorto_rlib,2019-03-17 22:28:28,2020-01-30 00:00:00
47,jettify_pytorch-inspect,2019-09-02 17:15:31,2020-01-30 00:00:00
48,TinkeringCode_PokerRL,2019-02-07 04:02:42,2020-01-30 00:00:00
49,harbor-ml_modelzoo,2019-10-15 12:08:16,2020-01-30 00:00:00
50,msc-acse_acse-9-independent-research-project-OliverJBoom,2019-08-23 12:22:52,2020-01-30 00:00:00
51,osmr_imgclsmob,2018-09-12 04:30:47,2020-01-30 00:00:00
52,yngtodd_datastore,2019-07-24 01:49:35,2020-01-30 00:00:00
53,caiyunapp_leibniz,2019-09-27 05:54:02,2020-01-30 00:00:00
54,erdos-project_erdos,2018-11-14 04:12:09,2020-01-30 00:00:00
55,ddkang_advex-uar,2019-08-22 07:59:54,2020-01-30 00:00:00
56,uber_petastorm,2018-08-30 20:42:15,2020-01-30 00:00:00
57,DerThorsten_spatial_ops,2019-08-08 20:49:55,2020-01-30 00:00:00
58,TatauCloud_tatau,2019-01-21 18:00:57,2020-01-30 00:00:00
59,ItamarWilf_pytorch-bonsai,2019-08-25 17:57:42,2020-01-30 00:00:00
60,dmlc_minpy,2017-05-07 09:38:40,2020-01-30 00:00:00
61,DAI-Lab_CTGAN,2019-11-08 03:12:47,2020-01-30 00:00:00
62,wannaphongcom_NokCut,2018-11-30 14:34:28,2020-01-30 00:00:00
63,williamFalcon_pytorch-lightning,2019-03-31 19:29:05,2020-01-30 00:00:00
64,gitlab.com_mihaicristianpirvu_neural-wrappers,2018-01-29 17:44:46,2020-01-30 00:00:00
65,jinfagang_alfred,2018-11-09 09:51:07,2020-01-30 00:00:00
66,RaMdsC_hdeeprm,2019-02-25 22:49:04,2020-01-30 00:00:00
67,naver_claf,2019-02-27 13:31:22,2020-01-30 00:00:00
68,dgasmith_opt_einsum,2018-08-04 00:29:16,2020-01-30 00:00:00
69,cschoeller_pycandle,2019-09-09 11:33:55,2020-01-30 00:00:00
70,utiasSTARS_pykitti,2018-08-15 05:49:32,2020-01-30 00:00:00
71,classtag_light-text-classification,2018-12-19 14:46:14,2020-01-30 00:00:00
72,rogierknoester_omniart_eye_generator,2019-05-14 19:27:58,2020-01-30 00:00:00
73,seung-lab_chunkflow,2019-02-11 14:28:34,2020-01-30 00:00:00
74,cpuhrsch_nestedtensor,2019-10-29 01:21:02,2020-01-30 00:00:00
75,NUSTM_pytorch-dnnnlp,2019-08-23 02:40:15,2020-01-30 00:00:00
76,SurrealAI_symphony,2018-04-12 02:53:09,2020-01-30 00:00:00
77,locuslab_projected_sinkhorn,2019-02-22 07:49:16,2020-01-30 00:00:00
78,martinjzhang_adafdr,2018-10-31 03:34:44,2020-01-30 00:00:00
79,brine-io_brine,2017-10-30 11:10:55,2020-01-30 00:00:00
80,rtlee9_serveit,2018-03-08 10:11:40,2020-01-30 00:00:00
81,AntNLP_antu,2019-01-03 21:58:35,2020-01-30 00:00:00
82,magnusja_nvfan,2019-04-30 13:26:48,2020-01-30 00:00:00
83,graykode_modelsummary,2019-03-04 22:57:42,2020-01-30 00:00:00
84,Fabien-Couthouis_ClassMail,2019-09-03 11:16:39,2020-01-30 00:00:00
85,daili0015_ModelFeast,2019-03-05 11:21:11,2020-01-30 00:00:00
86,oscarknagg_olympic-pytorch,2018-12-01 03:44:11,2020-01-30 00:00:00
87,davidtvs_pytorch-lr-finder,2019-09-14 20:49:18,2020-01-30 00:00:00
88,gugarosa_opytimizer,2019-06-21 14:47:42,2020-01-30 00:00:00
89,Enny1991_beamformers,2019-01-04 13:57:41,2020-01-30 00:00:00
90,zasdfgbnm_TorchSnooper,2019-05-29 03:32:43,2020-01-30 00:00:00
91,supersergiy_artificery,2019-08-11 14:38:35,2020-01-30 00:00:00
92,jun-harashima_pttagger,2019-01-03 18:55:54,2020-01-30 00:00:00
93,learnables_cherry,2018-12-10 08:09:43,2020-01-30 00:00:00
94,1ytic_warp-rna,2019-08-11 16:15:39,2020-01-30 00:00:00
95,mcgill-femr_scipion-em-cryomethods,2019-07-11 03:46:00,2020-01-30 00:00:00
96,zhijing-jin_efficiency,2019-09-27 06:21:16,2020-01-30 00:00:00
97,onnx_onnx-caffe2,2017-11-17 07:58:42,2020-01-30 00:00:00
98,CyberZHG_torch-gpt-2,2019-02-26 10:44:12,2020-01-30 00:00:00
99,RobinBruegger_RevTorch,2019-06-19 00:22:07,2020-01-30 00:00:00
100,convergence-lab_novograd,2019-08-25 05:10:57,2020-01-30 00:00:00
101,benoitmartin88_pytorchtrainer,2019-06-28 12:53:21,2020-01-30 00:00:00
102,tsaoyu_RLenergy,2018-06-20 22:50:42,2020-01-30 00:00:00
103,kngwyu_Rainy,2019-04-19 05:35:59,2020-01-30 00:00:00
104,r9y9_nnmnkwii,2017-08-14 12:13:49,2020-01-30 00:00:00
105,zijwang_genderperformr,2018-10-23 10:46:24,2020-01-30 00:00:00
106,Temigo_faster-particles,2018-10-16 09:40:48,2020-01-30 00:00:00
107,FebruaryBreeze_torch-parameter-groups,2019-03-31 07:53:25,2020-01-30 00:00:00
108,qywu_TorchFly,2019-01-30 09:08:03,2020-01-30 00:00:00
109,daavoo_pyntcloud,2019-07-14 09:24:00,2020-01-30 00:00:00
110,pytorchfi_pytorchfi,2019-04-30 14:38:43,2020-01-30 00:00:00
111,vturrisi_torchfuel,2019-04-05 15:18:49,2020-01-30 00:00:00
112,ZJU-RL_rllite,2019-02-25 21:21:11,2020-01-30 00:00:00
113,AlbertoCenzato_pytorch_ext,2019-02-06 19:14:38,2020-01-30 00:00:00
114,hanson-young_hdface,2019-07-15 12:05:39,2020-01-30 00:00:00
115,ColinQiyangLi_ml-descriptor,2018-11-05 23:17:52,2020-01-30 00:00:00
116,yusugomori_barbar,2019-04-11 12:40:37,2020-01-30 00:00:00
117,0h-n0_torchex,2018-11-26 05:25:35,2020-01-30 00:00:00
118,PiotrDabkowski_torchpwl,2019-05-19 00:29:02,2020-01-30 00:00:00
119,gitlab.com_EAVISE_flutil,2018-04-21 14:19:22,2020-01-30 00:00:00
120,rajagurunath_mlvajra,2019-04-06 19:07:58,2020-01-30 00:00:00
121,martno_exprec,2018-11-18 09:11:13,2020-01-30 00:00:00
122,DAI-Lab_SDGym,2019-08-08 09:04:43,2020-01-30 00:00:00
123,predictive-analytics-lab_EthicML,2019-06-27 15:10:40,2020-01-30 00:00:00
124,aimagelab_speaksee,2018-08-25 12:05:57,2020-01-30 00:00:00
125,mikahama_natas,2019-05-24 14:11:32,2020-01-30 00:00:00
126,ar4_deepwave,2018-09-26 14:51:25,2020-01-30 00:00:00
127,kipoi_kipoi-interpret,2018-07-17 21:01:01,2020-01-30 00:00:00
128,andres-fr_audio-synch-tool,2019-05-23 11:03:16,2020-01-30 00:00:00
129,ericput_bert-ner,2019-01-19 23:36:07,2020-01-30 00:00:00
130,neurodata_ardent,2019-09-13 17:22:36,2020-01-30 00:00:00
131,lyft_nuscenes-devkit,2019-09-24 00:27:35,2020-01-30 00:00:00
132,learnables_learn2learn,2019-08-09 03:40:55,2020-01-30 00:00:00
133,uber-research_EvoGrad,2019-09-15 18:40:37,2020-01-30 00:00:00
134,chmp_misc-exp,2018-05-27 17:15:05,2020-01-30 00:00:00
135,zomux_nmtlab,2019-10-01 06:02:16,2020-01-30 00:00:00
136,crazyj7_python,2019-10-01 06:42:45,2020-01-30 00:00:00
137,oujago_oujago,2018-01-22 11:45:00,2020-01-30 00:00:00
138,nerox8664_onnx2keras,2019-06-27 09:00:18,2020-01-30 00:00:00
139,funkey_gunpowder,2018-12-18 16:16:55,2020-01-30 00:00:00
140,yongjincho_torchext,2018-06-12 18:08:16,2020-01-30 00:00:00
141,AndriyMulyar_semantic-text-similarity,2019-07-23 04:10:49,2020-01-30 00:00:00
142,mil-tokyo_webdnn,2018-01-31 09:16:55,2020-01-30 00:00:00
143,Tiiiger_QPyTorch,2019-02-25 05:54:05,2020-01-30 00:00:00
144,Ji-Zhang_datacleanbot,2019-03-22 21:54:27,2020-01-30 00:00:00
145,apmoore1_fiesta,2019-07-15 05:50:37,2020-01-30 00:00:00
146,google_dopamine,2019-07-27 03:32:17,2020-01-30 00:00:00
147,pytorch_contrib,2019-04-29 18:05:51,2020-01-30 00:00:00
148,VincSP_Vizir,2019-05-23 04:32:00,2020-01-30 00:00:00
149,abidlabs_gradio,2019-03-08 05:53:34,2020-01-30 00:00:00
150,graykode_nlpblock,2019-03-05 02:13:41,2020-01-30 00:00:00
151,google_uis-rnn,2018-12-26 17:06:05,2020-01-30 00:00:00
152,lxgithub24_leetcode,2019-08-23 20:34:43,2020-01-30 00:00:00
153,jlevy44_PathFlowAI,2019-08-02 22:07:24,2020-01-30 00:00:00
154,LiyuanLucasLiu_LightNER,2018-10-02 19:26:12,2020-01-30 00:00:00
155,ofnote_tsalib,2018-10-26 07:46:05,2020-01-30 00:00:00
156,vita-epfl_openpifpafwebdemo,2019-03-18 18:35:32,2020-01-30 00:00:00
157,passalis_sef,2017-12-06 06:14:20,2020-01-30 00:00:00
158,google_gin-config,2019-05-16 23:07:13,2020-01-30 00:00:00
159,gitlab.com_secml_secml,2019-10-12 00:09:24,2020-01-30 00:00:00
160,ColinQiyangLi_spaghetti,2019-05-29 12:11:17,2020-01-30 00:00:00
161,bhgomes_hexfarm,2019-04-09 04:58:38,2020-01-30 00:00:00
162,chahuja_pycasper,2018-06-21 09:13:10,2020-01-30 00:00:00
163,ai4iacts_hexagdly,2019-02-27 15:27:17,2020-01-30 00:00:00
164,keitakurita_torchtable,2018-12-23 00:48:23,2020-01-30 00:00:00
165,chamrc_to,2018-04-01 05:48:39,2020-01-30 00:00:00
166,aspuru-guzik-group_selfies,2019-08-04 11:01:14,2020-01-30 00:00:00
167,nerox8664_pytorch2keras,2018-05-30 20:31:53,2020-01-30 00:00:00
168,EKami_EzeeML,2018-04-02 08:25:01,2020-01-30 00:00:00
169,i008_easyimages,2018-08-25 05:29:52,2020-01-30 00:00:00
170,guokr_Caver,2018-07-25 12:09:43,2020-01-30 00:00:00
171,enewe101_pytorch-categorical,2019-04-04 05:22:21,2020-01-30 00:00:00
172,azavea_raster-vision,2018-10-10 08:47:20,2020-01-30 00:00:00
173,Stonesjtu_pytorch_memlab,2019-05-25 06:38:01,2020-01-30 00:00:00
174,jimmybow_myDL,2019-04-11 18:35:36,2020-01-30 00:00:00
175,perone_euclidesdb,2018-11-19 00:54:52,2020-01-30 00:00:00
176,alexandre01_UltimateLabeling,2019-05-31 12:20:55,2020-01-30 00:00:00
177,cbaziotis_pyrsos,2017-12-03 18:42:49,2020-01-30 00:00:00
178,microsoft_tempeh,2019-10-10 02:27:02,2020-01-30 00:00:00
179,Rvbens_Chatbot-en-Espanol,2020-01-05 18:29:57,2020-01-30 00:00:00
180,analitico_analitico-sdk,2019-07-11 19:55:25,2020-01-30 00:00:00
181,awwong1_torchprof,2019-07-05 18:21:24,2020-01-30 00:00:00
182,jayanthkoushik_torch-gel,2017-06-28 20:58:01,2020-01-30 00:00:00
183,kaniblu_pytorch-skipthoughts,2017-09-10 17:41:23,2020-01-30 00:00:00
184,ktmud_zita,2019-10-04 13:59:21,2020-01-30 00:00:00
185,hadim_maskflow,2018-11-23 02:05:14,2020-01-30 00:00:00
186,Tiiiger_bert_score,2019-04-20 23:04:58,2020-01-30 00:00:00
187,pseeth_torch-stft,2019-06-01 08:34:51,2020-01-30 00:00:00
188,pechyonkin_sjaandi,2019-08-23 18:56:42,2020-01-30 00:00:00
189,ShanghaiTechVENUS_venus,2018-04-03 09:22:19,2020-01-30 00:00:00
190,atomistic-machine-learning_schnetpack,2018-09-04 17:42:57,2020-01-30 00:00:00
191,kaniblu_pytorch-models,2018-09-17 15:53:35,2020-01-30 00:00:00
192,studioml_studio,2017-08-31 07:41:43,2020-01-30 00:00:00
193,mblondel_soft-dtw,2018-05-16 10:06:13,2020-01-30 00:00:00
194,yasufumy_lineflow,2019-02-25 21:32:55,2020-01-30 00:00:00
195,cocolab-projects_reference-game-exploration,2019-07-29 22:25:28,2020-01-30 00:00:00
196,timniven_w2v,2018-03-31 17:55:20,2020-01-30 00:00:00
197,nicholasturner1_Synaptor,2019-05-09 19:22:16,2020-01-30 00:00:00
198,theislab_dca,2018-04-30 09:47:26,2020-01-30 00:00:00
199,akanimax_attn_gan_pytorch,2018-08-11 03:50:58,2020-01-30 00:00:00
200,GaoQ1_rasa_nlu_gq,2018-11-08 17:40:42,2020-01-30 00:00:00
201,jpuigcerver_nnutils,2018-09-28 22:54:15,2020-01-30 00:00:00
202,pyro-ppl_numpyro,2019-06-01 04:16:56,2020-01-30 00:00:00
203,MisaOgura_flashtorch,2019-04-17 22:48:27,2020-01-30 00:00:00
204,PIQuIL_QuCumber,2018-07-13 22:42:24,2020-01-30 00:00:00
205,Mrpatekful_swats,2019-06-02 18:27:24,2020-01-30 00:00:00
206,litcoderr_ComplexCNN,2019-02-15 17:12:22,2020-01-30 00:00:00
207,Lyken17_pytorch-OpCounter,2018-11-18 02:54:15,2020-01-30 00:00:00
208,Enny1991_sep_eval,2018-12-20 00:35:15,2020-01-30 00:00:00
209,dmlc_tvm,2019-05-24 01:29:29,2020-01-30 00:00:00
210,deephyper_deephyper,2019-01-11 13:33:48,2020-01-30 00:00:00
211,pytorch_audio,2019-02-22 23:03:09,2020-01-30 00:00:00
212,yassersouri_fandak,2019-07-08 15:21:11,2020-01-30 00:00:00
213,roodry67_piro,2018-11-13 19:59:36,2020-01-30 00:00:00
214,VictorKuenstler_torchtrainer,2019-08-18 12:07:52,2020-01-30 00:00:00
215,musket-ml_segmentation_training_pipeline,2019-08-21 18:35:05,2020-01-30 00:00:00
216,amansrivastava17_embedding-as-service,2019-08-25 20:27:51,2020-01-30 00:00:00
217,guocheng2018_transformer-encoder,2019-07-25 06:09:37,2020-01-30 00:00:00
218,cosmicBboy_ml-research,2019-06-20 03:17:52,2020-01-30 00:00:00
219,reidmcy_simple_id,2018-06-03 11:42:39,2020-01-30 00:00:00
220,cnt-dev_pytorch-stateful-lstm,2019-01-07 23:20:55,2020-01-30 00:00:00
221,davidmascharka_detection-utils,2019-06-12 00:15:51,2020-01-30 00:00:00
222,bitbucket.org_nemelex_libcrap,2019-05-07 01:37:01,2020-01-30 00:00:00
223,qubvel_ttach,2019-10-02 13:04:46,2020-01-30 00:00:00
224,jsxlei_SCALE,2019-05-25 03:37:40,2020-01-30 00:00:00
225,recogna-lab_recogners,2019-07-04 18:25:58,2020-01-30 00:00:00
226,Swall0w_torchstat,2018-10-28 00:57:32,2020-01-30 00:00:00
227,jasonkriss_detonator,2018-02-07 17:47:41,2020-01-30 00:00:00
228,yngtodd_segment,2018-08-30 02:40:25,2020-01-30 00:00:00
229,dmlc_gluon-cv,2018-09-05 07:57:29,2020-01-30 00:00:00
230,HazyResearch_metal,2018-08-19 06:35:31,2020-01-30 00:00:00
231,kaniblu_pytorch-sru,2017-09-14 14:07:01,2020-01-30 00:00:00
232,XtractTech_xt-cvdata,2019-10-08 20:49:38,2020-01-30 00:00:00
233,darthdeus_bopt,2019-01-18 02:41:48,2020-01-30 00:00:00
234,CyrilWendl_SIE-Master,2018-08-08 14:35:24,2020-01-30 00:00:00
235,kmkurn_text2array,2019-02-03 13:26:39,2020-01-30 00:00:00
236,tczhangzhi_cluster,2019-02-28 21:15:45,2020-01-30 00:00:00
237,uber_hypothesis-gufunc,2019-09-06 04:44:51,2020-01-30 00:00:00
238,criteo-research_reco-gym,2019-06-26 00:08:30,2020-01-30 00:00:00
239,dade-ai_sflow,2017-07-04 07:09:35,2020-01-30 00:00:00
240,abhinavkashyap_sciwing,2019-09-12 13:52:40,2020-01-30 00:00:00
241,yngtodd_scene,2019-02-12 06:58:09,2020-01-30 00:00:00
242,kevin970401_shy,2018-07-24 14:23:45,2020-01-30 00:00:00
243,IBM_AIF360,2018-09-14 18:42:35,2020-01-30 00:00:00
244,stokesresearchgroup_perisim,2019-05-20 21:41:30,2020-01-30 00:00:00
245,quanhua92_maskrcnn-pytorch,2019-01-07 18:51:46,2020-01-30 00:00:00
246,lRomul_argus,2018-07-18 16:34:50,2020-01-30 00:00:00
247,jeongukjae_module-tracker.py,2019-08-23 01:58:38,2020-01-30 00:00:00
248,mackelab_delfi,2017-12-18 06:31:01,2020-01-30 00:00:00
249,michalwols_yann,2018-02-16 13:02:54,2020-01-30 00:00:00
250,hhsecond_ml2rt,2019-07-18 07:41:23,2020-01-30 00:00:00
251,iceberg-project_Penguins,2019-12-20 20:10:21,2020-01-30 00:00:00
252,lext_deep-pipeline,2019-05-15 05:13:45,2020-01-30 00:00:00
253,ml4ai_delphi,2019-03-14 00:24:01,2020-01-30 00:00:00
254,podgorskiy_tensor4,2018-09-22 09:27:01,2020-01-30 00:00:00
255,IlyaGusev_russ,2019-06-20 20:26:00,2020-01-30 00:00:00
256,cgnorthcutt_cleanlab,2018-11-22 21:41:48,2020-01-30 00:00:00
257,IlyaGusev_rulm,2019-02-13 20:51:47,2020-01-30 00:00:00
258,jcmgray_autoray,2019-10-23 19:47:16,2020-01-30 00:00:00
259,DimitriosBellos_UDNN,2019-05-10 14:12:20,2020-01-30 00:00:00
260,justinshenk_traja,2019-02-05 00:15:16,2020-01-30 00:00:00
261,bamos_block,2017-03-23 18:27:52,2020-01-30 00:00:00
262,facebookresearch_TorchRay,2019-10-28 08:57:33,2020-01-30 00:00:00
263,penguinmenac3_ailab,2019-08-07 04:03:14,2020-01-30 00:00:00
264,AlliedToasters_synapses,2018-11-24 16:04:07,2020-01-30 00:00:00
265,dattran2346_importutils,2019-06-26 00:07:16,2020-01-30 00:00:00
266,fepegar_highresnet,2019-07-16 09:03:08,2020-01-30 00:00:00
267,flaport_photontorch,2019-01-14 10:06:54,2020-01-30 00:00:00
268,FebruaryBreeze_box,2019-04-30 11:34:29,2020-01-30 00:00:00
269,iandanforth_muscledagents,2019-02-11 22:45:27,2020-01-30 00:00:00
270,Santosh-Gupta_SpeedTorch,2019-09-08 03:20:38,2020-01-30 00:00:00
271,globality-corp_microcosm-sagemaker,2019-03-25 17:53:59,2020-01-30 00:00:00
272,chainer_chainerui,2019-10-07 17:34:18,2020-01-30 00:00:00
273,unbounce_pytorch-tree-lstm,2019-04-15 17:08:26,2020-01-30 00:00:00
274,gtsoukas_scene_text,2019-02-11 05:33:41,2020-01-30 00:00:00
275,johnolafenwa_TorchFusion,2018-08-26 17:59:49,2020-01-30 00:00:00
276,thomasnilsson_ml02450,2018-12-29 10:36:27,2020-01-30 00:00:00
277,1adrianb_pytorch-estimate-flops,2019-02-09 08:57:04,2020-01-30 00:00:00
278,uclmr_jack,2018-07-24 13:34:07,2020-01-30 00:00:00
279,Deeplodocus_deeplodocus,2018-09-22 21:38:29,2020-01-30 00:00:00
280,catalyst-team_reaction,2019-09-15 00:14:04,2020-01-30 00:00:00
281,innerlee_ganbase,2018-02-09 10:46:43,2020-01-30 00:00:00
282,CosmosShadow_lake,2017-08-13 12:41:55,2020-01-30 00:00:00
283,danspeech_danspeech,2019-08-30 11:45:02,2020-01-30 00:00:00
284,trungnt13_sisua,2019-05-24 10:13:32,2020-01-30 00:00:00
285,gjorando_style-transfer,2019-07-03 19:26:00,2020-01-30 00:00:00
286,mikgroup_sigpy,2019-03-04 13:14:01,2020-01-30 00:00:00
287,raibosome_python2jupyter,2019-03-06 07:09:50,2020-01-30 00:00:00
288,Shawn-Shan_eru,2018-03-29 14:19:52,2020-01-30 00:00:00
289,prisma-ai_torch2coreml,2017-08-30 02:51:17,2020-01-30 00:00:00
290,jacr13_Atalaya,2019-07-12 21:44:11,2020-01-30 00:00:00
291,amoussawi_recoder,2018-09-09 18:26:58,2020-01-30 00:00:00
292,malmaud_einindex,2018-12-16 21:44:26,2020-01-30 00:00:00
293,pingpong-ai_chatspace,2019-08-06 01:37:36,2020-01-30 00:00:00
294,rogierknoester_omniart_eye_classifier,2019-05-08 22:41:43,2020-01-30 00:00:00
295,nerox8664_gluon2keras,2018-11-30 13:26:45,2020-01-30 00:00:00
296,NickYi1990_kaggleBuddy,2019-05-16 11:36:13,2020-01-30 00:00:00
297,MarkNo1_Utils,2018-01-30 02:55:14,2020-01-30 00:00:00
298,harvardnlp_NamedTensor,2019-01-08 18:13:01,2020-01-30 00:00:00
299,davidalvarezdlt_skeltorch,2019-08-14 12:05:16,2020-01-30 00:00:00
300,williamFalcon_pytorch-complex-tensor,2019-02-06 22:24:31,2020-01-30 00:00:00
301,plstcharles_thelper,2018-07-30 07:09:15,2020-01-30 00:00:00
302,willprice_torchvideo,2018-12-27 02:39:09,2020-01-30 00:00:00
303,DeepX-inc_machina,2019-03-17 12:55:10,2020-01-30 00:00:00
304,locuslab_mpc.pytorch,2018-10-02 23:46:54,2020-01-30 00:00:00
305,khrlimam_res-facenet,2019-08-03 15:03:03,2020-01-30 00:00:00
306,galatolofederico_torchreinforce,2019-01-18 19:05:37,2020-01-30 00:00:00
307,iKintosh_GaborNet,2020-01-02 13:07:53,2020-01-30 00:00:00
308,amzn_emukit,2018-12-03 10:32:30,2020-01-30 00:00:00
309,yiyuezhuo_bayes-torch,2018-04-22 12:03:25,2020-01-30 00:00:00
310,1ytic_warp-rnnt,2019-08-01 10:44:27,2020-01-30 00:00:00
311,dseuss_debobo,2019-03-29 00:27:14,2020-01-30 00:00:00
312,tangledpath_auto-cli-py,2019-10-02 01:42:04,2020-01-30 00:00:00
313,dejanbatanjac_basicai,2019-10-08 04:05:36,2020-01-30 00:00:00
314,mcQA-suite_mcQA,2019-07-17 20:41:18,2020-01-30 00:00:00
315,sebamenabar_Pytorch-IntermediateLayerGetter,2019-11-05 19:19:57,2020-01-30 00:00:00
316,CyberZHG_torch-multi-head-attention,2019-02-21 09:58:48,2020-01-30 00:00:00
317,NervanaSystems_ngraph-onnx,2018-11-30 05:57:58,2020-01-30 00:00:00
318,wesselb_stheno,2019-06-19 00:22:38,2020-01-30 00:00:00
319,sallamander_ktorch,2019-07-10 16:33:27,2020-01-30 00:00:00
320,onnx_onnxmltools,2018-03-06 19:30:28,2020-01-30 00:00:00
321,toandaominh1997_pytoan,2019-10-07 10:03:44,2020-01-30 00:00:00
322,hypertuner_hypertuner-pythonlib,2019-08-10 08:46:25,2020-01-30 00:00:00
323,Sushil-Thapa_PyTorch-Hackathon-2019,2019-09-18 05:25:39,2020-01-30 00:00:00
324,msamogh_nonechucks,2018-10-08 06:50:08,2020-01-30 00:00:00
325,solgaardlab_neurophox,2019-05-22 02:43:40,2020-01-30 00:00:00
326,balaprasanna_balautil,2019-09-03 11:16:17,2020-01-30 00:00:00
327,justusschock_torch_layers,2019-03-04 16:58:16,2020-01-30 00:00:00
328,YIN95_Human-Data-Utils,2019-09-06 09:19:40,2020-01-30 00:00:00
329,PrincetonUniversity_PsyNeuLink,2018-06-02 08:22:46,2020-01-30 00:00:00
330,fancompute_wavetorch,2019-09-20 21:51:00,2020-01-30 00:00:00
331,airware_buzzard,2019-08-12 23:22:24,2020-01-30 00:00:00
332,belskikh_kekas,2019-01-24 12:21:13,2020-01-30 00:00:00
333,UW-COSMOS_Cosmos,2019-08-02 18:08:06,2020-01-30 00:00:00
334,JohannesHeidecke_irl-benchmark,2018-11-14 04:12:50,2020-01-30 00:00:00
335,joaogui1_fastax,2019-09-05 05:40:46,2020-01-30 00:00:00
336,allegroai_trains,2019-06-19 00:22:50,2020-01-30 00:00:00
337,johnolafenwa_TorchFusion-Utils,2019-06-12 00:16:38,2020-01-30 00:00:00
338,CyberZHG_torch-transformer,2019-02-25 09:08:05,2020-01-30 00:00:00
339,transformify-plugins_segmentify,2019-07-25 06:55:27,2020-01-30 00:00:00
340,nalepae_pierogi,2019-07-18 17:58:32,2020-01-30 00:00:00
341,the-bass_torch_testing,2018-05-16 12:45:42,2020-01-30 00:00:00
342,ClementPinard_Pytorch-Correlation-extension,2018-08-17 18:19:54,2020-01-30 00:00:00
343,sorenchiron_torchfun,2018-06-13 16:55:04,2020-01-30 00:00:00
344,pesser_edflow,2019-08-06 13:25:32,2020-01-30 00:00:00
345,zake7749_DeepToxic,2018-12-16 19:07:07,2020-01-30 00:00:00
346,frankier_finntk,2019-01-05 02:52:52,2020-01-30 00:00:00
347,daisukelab_dl-cliche,2019-09-25 14:25:31,2020-01-30 00:00:00
348,stefan-it_deep_eos,2018-11-13 21:59:49,2020-01-30 00:00:00
349,yannvgn_laserembeddings,2019-07-24 03:58:02,2020-01-30 00:00:00
350,emanjavacas_seqmod,2017-04-26 16:22:53,2020-01-30 00:00:00
351,ramon-oliveira_aorun,2017-03-25 03:37:15,2020-01-30 00:00:00
352,nhatsmrt_nn-toolbox,2019-07-11 15:38:33,2020-01-30 00:00:00
353,anguelos_dagtasets,2018-04-05 02:10:07,2020-01-30 00:00:00
354,ofnote_tsanley,2019-09-26 18:53:27,2020-01-30 00:00:00
355,black-puppydog_pytorch_vgg_named,2019-05-07 20:41:29,2020-01-30 00:00:00
356,google_unrestricted-adversarial-examples,2018-09-03 02:07:21,2020-01-30 00:00:00
357,yxonic_fret,2019-04-02 01:29:13,2020-01-30 00:00:00
358,ajbouh_tfi,2017-12-05 06:26:08,2020-01-30 00:00:00
359,ProGamerGov_neural-style-pt,2019-08-01 16:48:26,2020-01-30 00:00:00
360,havakv_torchtuples,2019-11-24 14:05:16,2020-01-30 00:00:00
361,quanhua92_legos,2019-07-10 10:11:31,2020-01-30 00:00:00
362,daiwk_grace_t,2018-10-18 02:36:30,2020-01-30 00:00:00
363,snipsco_snips-nlu,2019-09-04 15:34:43,2020-01-30 00:00:00
364,analysiscenter_pydens,2019-08-26 11:14:45,2020-01-30 00:00:00
365,DogfishBone_GpuManager,2019-01-17 08:47:04,2020-01-30 00:00:00
366,cod3licious_simec,2018-07-15 02:57:10,2020-01-30 00:00:00
367,orionw_configtune,2019-08-29 21:03:36,2020-01-30 00:00:00
368,Erotemic_netharn,2018-09-09 21:23:31,2020-01-30 00:00:00
369,creafz_pytorch-cnn-finetune,2018-02-19 14:37:55,2020-01-30 00:00:00
370,vndee_deepgen,2019-08-02 17:16:19,2020-01-30 00:00:00
371,tshauck_gcgc,2018-11-23 03:50:58,2020-01-30 00:00:00
372,smilelight_lightKG,2019-03-26 22:33:23,2020-01-30 00:00:00
373,JorisRoels_augmentation,2019-09-13 09:04:17,2020-01-30 00:00:00
374,louis-she_minetorch,2018-09-02 07:00:42,2020-01-30 00:00:00
375,ucbrise_flor,2018-12-02 20:28:46,2020-01-30 00:00:00
376,DIYer22_boxx,2018-05-07 20:09:45,2020-01-30 00:00:00
377,daroodar_k_torch,2019-05-07 17:42:00,2020-01-30 00:00:00
378,geoopt_geoopt,2018-12-28 11:41:15,2020-01-30 00:00:00
379,euagendas_m3inference,2019-05-08 06:23:25,2020-01-30 00:00:00
380,dingguanglei_jdit,2018-10-31 09:22:57,2020-01-30 00:00:00
381,p-christ_nn_builder,2019-03-31 00:33:57,2020-01-30 00:00:00
382,CoAxLab_AdaptiveDecisionMaking_2018,2018-11-30 01:40:20,2020-01-30 00:00:00
383,Tyill_skynet,2018-10-14 23:08:38,2020-01-30 00:00:00
384,methdio_glassbeads,2019-08-07 02:44:50,2020-01-30 00:00:00
385,sspipe_sspipe,2018-08-05 22:51:57,2020-01-30 00:00:00
386,plandes_dltools,2019-07-08 06:52:21,2020-01-30 00:00:00
387,google_tangent,2017-12-13 00:42:32,2020-01-30 00:00:00
388,galatolofederico_torchsm,2019-01-15 02:07:31,2020-01-30 00:00:00
389,BeamIO-Inc_algorithm_toolkit,2019-07-12 22:55:09,2020-01-30 00:00:00
390,wesselb_lab,2019-06-19 00:19:38,2020-01-30 00:00:00
391,nunenuh_torchwisdom,2019-05-09 15:55:07,2020-01-30 00:00:00
392,dmlc_gluon-nlp,2018-11-26 20:32:27,2020-01-30 00:00:00
393,xqding_FastMBAR,2018-09-11 03:58:00,2020-01-30 00:00:00
394,cemoody_torch_trainer,2018-04-09 01:20:55,2020-01-30 00:00:00
395,riccardobernardi_MLL-machine-learning-language,2019-06-20 17:02:58,2020-01-30 00:00:00
396,andrewferlitsch_Gap,2018-09-16 03:38:35,2020-01-30 00:00:00
397,Michael-Tu_ganutils,2019-12-26 00:55:12,2020-01-30 00:00:00
398,albermax_innvestigate,2019-04-16 20:34:53,2020-01-30 00:00:00
399,95616ARG_SyReNN,2019-08-20 05:05:26,2020-01-30 00:00:00
400,vfdev-5_py_config_runner,2019-08-04 06:15:28,2020-01-30 00:00:00
401,steven-lang_torchspn,2019-08-12 19:19:41,2020-01-30 00:00:00
402,PhosphorylatedRabbits_brontes,2019-09-18 13:33:45,2020-01-30 00:00:00
403,autochthe_kismet-py,2019-01-24 23:49:06,2020-01-30 00:00:00
404,activatedgeek_kondo,2019-04-26 03:55:47,2020-01-30 00:00:00
405,epfl-lara_treenet,2018-03-23 07:16:18,2020-01-30 00:00:00
406,automl_pybnn,2019-02-07 15:23:53,2020-01-30 00:00:00
407,dark-ai_pypytorch,2019-09-24 07:49:23,2020-01-30 00:00:00
408,andrijdavid_Psemodel,2018-11-13 20:04:37,2020-01-30 00:00:00
409,gfjiangly_cvtools,2019-07-24 02:58:34,2020-01-30 00:00:00
410,theHamsta_pystencils_autodiff,2019-07-11 21:04:01,2020-01-30 00:00:00
411,bkahn-github_pytorch_zoo,2019-05-31 10:58:51,2020-01-30 00:00:00
412,HarryK24_adversairal-attacks-pytorch,2019-04-22 22:15:11,2020-01-30 00:00:00
413,podgorskiy_dlutils,2019-03-04 07:33:20,2020-01-30 00:00:00
414,jmainpri_pyrieef,2019-03-18 10:25:04,2020-01-30 00:00:00
415,JuanFMontesinos_flerken,2019-03-26 01:57:01,2020-01-30 00:00:00
416,lai-bluejay_diego,2019-04-25 23:23:42,2020-01-30 00:00:00
417,yngtodd_hyperpoints,2018-10-25 00:47:52,2020-01-30 00:00:00
418,drdavis_twaml,2019-01-28 18:44:53,2020-01-30 00:00:00
419,zengbin93_zb,2019-07-12 19:56:13,2020-01-30 00:00:00
420,Catastropha_pyriad,2019-08-17 14:53:54,2020-01-30 00:00:00
421,pailabteam_pailab,2019-05-23 16:21:37,2020-01-30 00:00:00
422,Rostlab_SeqVec,2019-12-05 17:49:36,2020-01-30 00:00:00
423,Miffyli_ToriLLE,2019-04-05 23:00:12,2020-01-30 00:00:00
424,Murthy1999_CS294-082,2019-05-24 22:09:27,2020-01-30 00:00:00
425,arose13_PliableLasso,2019-03-26 04:19:44,2020-01-30 00:00:00
426,delira-dev_delira,2019-01-14 09:24:10,2020-01-30 00:00:00
427,thomasjpfan_mltome,2018-12-19 16:05:15,2020-01-30 00:00:00
428,LucaAmbrogioni_Brancher,2019-03-12 16:19:33,2020-01-30 00:00:00
429,faustomorales_keras-ocr,2019-10-03 09:57:35,2020-01-30 00:00:00
430,yfzhoucs_xml2pytorch,2019-01-24 13:51:43,2020-01-30 00:00:00
431,gao-lab_Cell_BLAST,2019-03-23 23:43:55,2020-01-30 00:00:00
432,kevin970401_keras-pretrainedmodels,2019-08-26 09:54:56,2020-01-30 00:00:00
433,geomstats_geomstats,2018-06-17 07:47:00,2020-01-30 00:00:00
434,FebruaryBreeze_torch-lr-scheduler,2019-04-08 12:17:49,2020-01-30 00:00:00
435,kyle0x54_medvision,2019-03-05 16:28:40,2020-01-30 00:00:00
436,haugjo_pystreamfs,2019-02-19 12:02:03,2020-01-30 00:00:00
437,andreArtelt_ceml,2019-07-11 22:08:20,2020-01-30 00:00:00
438,sbl1996_pytorch-hrvvi-ext,2019-02-18 10:12:36,2020-01-30 00:00:00
439,suinleelab_attributionpriors,2019-11-03 02:04:49,2020-01-30 00:00:00
440,michaelshiyu_kerNET,2018-07-04 03:09:53,2020-01-30 00:00:00
441,Mxbonn_visualwakewords,2019-07-09 07:37:42,2020-01-30 00:00:00
442,chakki-works_chariot,2018-10-08 22:49:08,2020-01-30 00:00:00
443,muammar_mlchem,2019-02-21 00:56:44,2020-01-30 00:00:00
444,BYU-AUVSI_imaging,2019-05-31 01:17:15,2020-01-30 00:00:00
445,uestcliming_Dpplee3,2018-03-29 03:09:48,2020-01-30 00:00:00
446,xgcm_xrft,2019-06-22 05:37:24,2020-01-30 00:00:00
447,FebruaryBreeze_torch-model-state,2019-04-10 16:28:25,2020-01-30 00:00:00
448,IljaManakov_PyTorch-Trainer,2019-06-25 10:30:22,2020-01-30 00:00:00
449,goodok_fastai_sparse,2019-04-01 05:59:05,2020-01-30 00:00:00
450,elliottzheng_PointVision,2018-08-26 09:03:19,2020-01-30 00:00:00
451,IBM_adversarial-robustness-toolbox,2018-05-15 00:30:38,2020-01-30 00:00:00
452,CyberZHG_keras-transformer-xl,2019-06-30 08:36:34,2020-01-30 00:00:00
453,IntelAI_mlt,2018-04-28 01:56:09,2020-01-30 00:00:00
454,CosmiQ_solaris,2019-04-30 18:57:50,2020-01-30 00:00:00
455,justusschock_delira_cycle_gan_pytorch,2019-03-02 22:38:22,2020-01-30 00:00:00
456,vizstack_vizstack,2019-09-08 00:26:52,2020-01-30 00:00:00
457,dstein64_pastiche,2019-06-19 00:21:30,2020-01-30 00:00:00
458,MIC-DKFZ_trixi,2018-06-08 08:33:14,2020-01-30 00:00:00
459,obilaniu_Nauka,2018-03-05 18:25:52,2020-01-30 00:00:00
460,jun-harashima_msnc,2019-05-20 06:55:15,2020-01-30 00:00:00
461,MolSSI_QCEngine,2018-11-06 03:23:18,2020-01-30 00:00:00
462,google_jax,2018-12-08 22:23:29,2020-01-30 00:00:00
463,torchgan_torchgan,2018-10-12 10:36:26,2020-01-30 00:00:00
464,rotinov_AGNES,2019-10-23 00:29:17,2020-01-30 00:00:00
465,gitlab.com_jaymorgan_torchwrapper,2018-12-21 21:39:52,2020-01-30 00:00:00
466,messiest_cifar-extender,2018-02-21 20:22:14,2020-01-30 00:00:00
467,nerox8664_gluon2pytorch,2018-10-31 16:29:55,2020-01-30 00:00:00
468,AutuanLiu_Kalman-Filter,2019-01-08 09:21:43,2020-01-30 00:00:00
469,rasbt_mytorch,2018-08-11 02:09:54,2020-01-30 00:00:00
470,obilaniu_Benzina,2018-07-19 11:33:18,2020-01-30 00:00:00
471,galatolofederico_torchsnn,2018-10-26 07:12:37,2020-01-30 00:00:00
472,praveen-palanisamy_macad-gym,2019-10-16 00:14:02,2020-01-30 00:00:00
473,IBM_yaps,2018-10-19 18:08:51,2020-01-30 00:00:00
474,CyberZHG_torch-position-embedding,2019-03-03 07:31:41,2020-01-30 00:00:00
475,jacobhinkle_lagomorph,2018-11-20 15:50:54,2020-01-30 00:00:00
476,kubeflow_fairing,2019-03-19 23:55:32,2020-01-30 00:00:00
477,odlgroup_dipp,2017-09-18 19:56:22,2020-01-30 00:00:00
478,kerryeon_mp,2018-11-05 19:33:03,2020-01-30 00:00:00
479,ikhlestov_rarog,2019-09-13 06:22:25,2020-01-30 00:00:00
480,phamthanhtri_zaailabcorelib,2019-10-14 10:59:42,2020-01-30 00:00:00
481,infinity-future_torch-text-classifier,2018-10-26 18:13:54,2020-01-30 00:00:00
482,rs9000_deepl_toolkit,2019-05-20 17:30:45,2020-01-30 00:00:00
483,wkentaro_chainer-cyclegan,2018-01-26 03:23:39,2020-01-30 00:00:00
484,yngtodd_molecules,2018-10-05 02:05:28,2020-01-30 00:00:00
485,universome_firelab,2018-06-15 11:36:27,2020-01-30 00:00:00
486,CyberZHG_torch-embed-sim,2019-02-21 12:17:48,2020-01-30 00:00:00
487,cybertronai_autograd-lib,2019-11-16 19:21:18,2020-01-30 00:00:00
488,locuslab_SATNet,2019-05-25 12:12:08,2020-01-30 00:00:00
489,taehoonlee_tensornets,2018-03-27 01:37:25,2020-01-30 00:00:00
490,onnx_sklearn-onnx,2019-01-24 18:21:33,2020-01-30 00:00:00
491,lanpa_tensorboardX,2017-08-23 02:48:33,2020-01-30 00:00:00
492,kaushaltrivedi_fast-bert,2019-05-17 09:06:07,2020-01-30 00:00:00
493,rusty1s_pytorch_unique,2018-01-09 17:50:23,2020-01-30 00:00:00
494,wanghewen_CommonModules,2019-10-06 18:05:49,2020-01-30 00:00:00
495,alvations_komorebi,2018-06-12 10:36:54,2020-01-30 00:00:00
496,graykode_toeicbert,2019-04-30 02:23:39,2020-01-30 00:00:00
497,DecBayComp_TRamWAy,2019-03-26 18:47:41,2020-01-30 00:00:00
498,jplalor_py-irt,2019-12-23 16:32:54,2020-01-30 00:00:00
499,trungd_dlex,2019-09-19 06:08:29,2020-01-30 00:00:00
500,wesselb_varz,2019-06-19 00:22:55,2020-01-30 00:00:00
501,toodef_neural-pipeline,2018-12-15 15:22:56,2020-01-30 00:00:00
502,awentzonline_pytorch-cns,2017-07-27 04:02:16,2020-01-30 00:00:00
503,jaybutera_tetrisRL,2017-08-14 02:10:40,2020-01-30 00:00:00
504,DigitalGlobe_pyveda,2018-12-08 06:49:04,2020-01-30 00:00:00
505,christiansafka_img2vec,2019-10-09 10:03:30,2020-01-30 00:00:00
506,scanner-research_tixelbox,2018-07-26 11:57:14,2020-01-30 00:00:00
507,gulvarol_smplpytorch,2019-07-10 12:47:52,2020-01-30 00:00:00
508,timesler_facenet-pytorch,2019-07-01 23:44:02,2020-01-30 00:00:00
509,notcome_bretschneideri,2019-02-11 09:35:38,2020-01-30 00:00:00
510,braincreators_octconv,2019-05-01 19:52:17,2020-01-30 00:00:00
511,onnx_onnx-coreml,2018-09-16 08:06:56,2020-01-30 00:00:00
512,SerpentAI_D3DShot,2019-04-05 00:14:41,2020-01-30 00:00:00
513,mindsdb_lightwood,2019-06-12 00:16:09,2020-01-30 00:00:00
514,aivclab_warg,2019-04-30 05:07:09,2020-01-30 00:00:00
515,adammoss_nnest,2019-05-03 14:35:19,2020-01-30 00:00:00
516,bentoml_BentoML,2019-04-02 09:50:54,2020-01-30 00:00:00
517,phohenecker_torch-test-case,2017-11-25 17:04:58,2020-01-30 00:00:00
518,MadryLab_cox,2019-08-08 15:34:47,2020-01-30 00:00:00
519,DAI-Lab_SteganoGAN,2018-12-22 21:49:44,2020-01-30 00:00:00
520,tf-encrypted_tf-seal,2019-11-02 01:43:50,2020-01-30 00:00:00
521,cnt-dev_pytorch-fast-elmo,2019-01-30 23:25:00,2020-01-30 00:00:00
522,dsarrut_garf,2018-11-14 04:12:23,2020-01-30 00:00:00
523,VainF_pytorch-msssim,2019-05-11 07:55:10,2020-01-30 00:00:00
524,ofnote_lightex,2019-07-15 01:39:28,2020-01-30 00:00:00
525,spino17_PyGlow,2019-07-09 21:32:30,2020-01-30 00:00:00
526,beyretb_AnimalAI-Olympics,2019-05-29 14:32:38,2020-01-30 00:00:00
527,pytorchbearer_variational,2019-06-12 00:16:38,2020-01-30 00:00:00
528,f-dangel_backpack,2019-10-03 23:49:20,2020-01-30 00:00:00
529,Quansight-Labs_python-moa,2019-04-11 21:43:27,2020-01-30 00:00:00
530,deep500_deep500,2019-01-03 00:49:24,2020-01-30 00:00:00
531,CyberZHG_torch-layer-normalization,2019-02-21 06:59:48,2020-01-30 00:00:00
532,VivienCabannes_plasp,2019-05-20 17:25:00,2020-01-30 00:00:00
533,arquolo_ort,2019-04-15 23:53:56,2020-01-30 00:00:00
534,OIdiotLin_torchtracer,2018-09-20 07:03:59,2020-01-30 00:00:00
535,cdqa-suite_cdQA,2019-05-03 16:06:31,2020-01-30 00:00:00
536,rajatvd_PytorchUtils,2018-09-13 16:45:35,2020-01-30 00:00:00
537,wmeints_torchagent,2019-05-08 06:52:01,2020-01-30 00:00:00
538,aikudexiaohai_pyturbo,2018-10-29 14:24:10,2020-01-30 00:00:00
539,DableUTeeF_pytorch_api,2019-01-24 16:40:35,2020-01-30 00:00:00
540,prajjwal1_tensorop,2018-10-06 17:40:07,2020-01-30 00:00:00
541,scanner-research_esper,2019-06-19 00:20:11,2020-01-30 00:00:00
542,cics-nd_gptorch,2019-07-23 13:25:04,2020-01-30 00:00:00
543,thuml_easydl,2018-06-18 10:33:26,2020-01-30 00:00:00
544,CyberZHG_keras-radam,2019-08-17 00:49:27,2020-01-30 00:00:00
545,alison-carrera_onn,2019-06-19 00:21:26,2020-01-30 00:00:00
546,vltools_vltools,2019-02-27 16:20:34,2020-01-30 00:00:00
547,Institute-Web-Science-and-Technologies_CLEARumor,2019-09-30 22:31:41,2020-01-30 00:00:00
548,jbohnslav_opencv_transforms,2018-08-31 01:44:39,2020-01-30 00:00:00
549,markusfoote_mag1c,2019-11-22 18:04:11,2020-01-30 00:00:00
550,IndexedConv_IndexedConv,2018-11-21 13:24:36,2020-01-30 00:00:00
551,jseppanen_azalea,2018-08-05 18:00:53,2020-01-30 00:00:00
552,neighthan_gpu-utils,2018-10-23 05:19:29,2020-01-30 00:00:00
553,yngtodd_nuclei,2018-08-15 11:13:52,2020-01-30 00:00:00
554,facebookresearch_qhoptim,2019-10-02 06:07:23,2020-01-30 00:00:00
555,automl_Auto-PyTorch,2019-10-16 00:11:56,2020-01-30 00:00:00
556,neuro-ml_deep_pipe,2017-05-24 22:59:04,2020-01-30 00:00:00
557,iHateTa11B0y_CROIUtils,2019-05-08 10:59:25,2020-01-30 00:00:00
558,jpuigcerver_pytorch-baidu-ctc,2018-09-30 11:39:47,2020-01-30 00:00:00
559,awiggs_chip-gr8,2019-07-24 01:31:04,2020-01-30 00:00:00
560,zhoudaxia233_EfficientUnet-PyTorch,2019-07-23 19:34:33,2020-01-30 00:00:00
561,johnsmithm_htuneml,2019-02-15 00:30:38,2020-01-30 00:00:00
562,zh217_torch-dct,2018-09-21 15:07:35,2020-01-30 00:00:00
563,pyro-ppl_funsor,2019-10-23 05:40:20,2020-01-30 00:00:00
564,dstein64_neuralart,2018-09-09 13:37:12,2020-01-30 00:00:00
565,IljaManakov_ConvolutionalAutoencoderToolkit,2019-05-31 08:32:32,2020-01-30 00:00:00
566,XanaduAI_pennylane,2019-02-08 08:22:25,2020-01-30 00:00:00
567,parlance_ctcdecode,2017-11-21 13:16:03,2020-01-30 00:00:00
568,qubvel_segmentation_models.pytorch,2019-03-02 00:24:32,2020-01-30 00:00:00
569,KeyiT_dlmslib,2019-02-04 14:08:43,2020-01-30 00:00:00
570,lijunzh_yews,2019-04-11 15:04:19,2020-01-30 00:00:00
571,hiredscorelabs_tamnun-ml,2019-08-05 07:41:42,2020-01-30 00:00:00
572,albanie_zsvision,2019-08-03 10:33:12,2020-01-30 00:00:00
573,emanjavacas_pie,2019-03-01 12:58:06,2020-01-30 00:00:00
574,Time1ess_torchtools,2018-04-17 10:39:18,2020-01-30 00:00:00
575,marcellodebernardi_loss-landscapes,2019-03-29 09:53:36,2020-01-30 00:00:00
576,sanchit2843_image_classification,2019-06-07 16:19:57,2020-01-30 00:00:00
577,navneet-nmk_pytorch-rl,2018-08-20 08:31:56,2020-01-30 00:00:00
578,Niger-Volta-LTI_iranlowo,2019-05-01 13:16:19,2020-01-30 00:00:00
579,rosenfeldamir_vision_utils,2019-05-14 23:25:36,2020-01-30 00:00:00
580,FebruaryBreeze_torch-utils,2019-04-11 11:28:42,2020-01-30 00:00:00
581,wesselb_gpar,2019-06-19 00:20:32,2020-01-30 00:00:00
582,shibatanaoto_caffe2-for-lambda,2018-12-23 17:47:29,2020-01-30 00:00:00
583,CyberZHG_keras-adabound,2019-02-28 20:32:35,2020-01-30 00:00:00
584,justanhduc_neuralnet-pytorch,2018-04-20 02:27:29,2020-01-30 00:00:00
585,ecs-vlc_PyBink,2018-05-24 14:29:32,2020-01-30 00:00:00
586,innerlee_ganzoo,2018-02-09 21:19:51,2020-01-30 00:00:00
587,masa-su_pixyz,2019-06-12 00:16:22,2020-01-30 00:00:00
588,titu1994_pyshac,2019-03-21 13:45:54,2020-01-30 00:00:00
589,samuela_babar,2018-04-01 05:15:03,2020-01-30 00:00:00
590,dmlc_dgl,2018-12-03 00:28:50,2020-01-30 00:00:00
591,albu_albumentations,2018-06-28 11:07:26,2020-01-30 00:00:00
592,flaport_fdtd,2019-03-11 19:05:58,2020-01-30 00:00:00
593,jeticg_datatool,2018-12-20 20:45:25,2020-01-30 00:00:00
594,ChrisWaites_pyvacy,2019-04-04 19:10:06,2020-01-30 00:00:00
595,mdai_mdai-client-py,2018-08-09 06:05:03,2020-01-30 00:00:00
596,yueyericardo_pkbar,2019-08-10 00:38:27,2020-01-30 00:00:00
597,sovrasov_flops-counter.pytorch,2019-04-09 15:00:56,2020-01-30 00:00:00
598,zh217_infirun,2018-11-30 23:08:44,2020-01-30 00:00:00
599,tbepler_topaz,2019-05-30 20:25:32,2020-01-30 00:00:00
600,ustroetz_python-osrm,2018-07-17 06:57:04,2020-01-30 00:00:00
601,CyberZHG_keras-lookahead,2019-09-11 21:48:29,2020-01-30 00:00:00
602,unihd-cag_skillbridge,2019-10-02 13:07:26,2020-01-30 00:00:00
603,Erotemic_graphid,2018-05-13 21:26:14,2020-01-30 00:00:00
604,daquexian_onnx-simplifier,2019-04-02 03:00:36,2020-01-30 00:00:00
605,piccolbo_altair_recipes,2019-10-08 00:15:34,2020-01-30 00:00:00
606,SurrealAI_caraml,2018-05-25 06:27:35,2020-01-30 00:00:00
607,ska-sa_codex-africanus,2019-01-10 18:23:15,2020-01-30 00:00:00
608,arun1729_cog,2017-11-23 03:57:41,2020-01-30 00:00:00
609,vizstack_vz-logger,2019-09-08 23:12:33,2020-01-30 00:00:00
610,qubekit_QUBEKit,2019-04-09 23:21:02,2020-01-30 00:00:00
611,rlworkgroup_dowel,2019-03-23 11:26:28,2020-01-30 00:00:00
612,uTensor_utensor_cgen,2018-11-11 15:13:57,2020-01-30 00:00:00
613,brittjay0104_fairkit-learn,2019-09-28 02:47:39,2020-01-30 00:00:00
614,CyberZHG_keras-bert,2019-08-18 14:52:27,2020-01-30 00:00:00
615,ChsHub_url_downloader,2019-09-17 21:51:48,2020-01-30 00:00:00
616,Ad115_python-treet,2019-10-23 00:34:55,2020-01-30 00:00:00
617,njaveed_Datastore,2019-09-14 16:47:13,2020-01-30 00:00:00
618,Erotemic_vimtk,2019-04-14 09:53:20,2020-01-30 00:00:00
619,Erotemic_xdoctest,2019-07-06 09:01:00,2020-01-30 00:00:00
620,esper-io_esper-cli,2019-04-25 13:41:46,2020-01-30 00:00:00
621,onnx_keras-onnx,2019-02-08 01:35:24,2020-01-30 00:00:00
622,yam-ai_yamconv,2019-08-27 21:57:15,2020-01-30 00:00:00
623,amzn_xfer,2019-06-21 01:08:10,2020-01-30 00:00:00
624,linshuliang_tb-paddle,2019-08-23 03:02:49,2020-01-30 00:00:00
625,qbx2_pscp,2019-02-07 14:52:39,2020-01-30 00:00:00
626,iBiology_ProtParCon,2019-03-06 06:43:15,2020-01-30 00:00:00
627,google_neural-tangents,2019-11-09 00:42:08,2020-01-30 00:00:00
628,kubeflow_metadata,2019-09-25 13:47:59,2020-01-30 00:00:00
629,microsoft_praxxis,2019-08-01 00:09:51,2020-01-30 00:00:00
630,chr15m_PodSixNet,2019-07-31 15:16:26,2020-01-30 00:00:00
631,JDAI-CV_dabnn,2019-05-19 16:10:08,2020-01-30 00:00:00
632,gitlab.com_lgwilliams_freesia,2018-12-04 00:36:23,2020-01-30 00:00:00
633,impak-finance_django-oidc-rp,2018-04-15 23:25:58,2020-01-30 00:00:00
634,scipion-em_scipion-em-topaz,2019-07-12 14:54:24,2020-01-30 00:00:00
635,CyberZHG_keras-xlnet,2019-07-15 12:07:52,2020-01-30 00:00:00
636,Bihaqo_t3f,2019-06-24 23:35:31,2020-01-30 00:00:00
637,ken-nakanishi_qupy,2019-02-02 06:20:57,2020-01-30 00:00:00
638,kngwyu_rogue-gym,2019-03-18 09:02:13,2020-01-30 00:00:00
639,lin423497786_chatbot-py,2019-08-20 15:07:46,2020-01-30 00:00:00
640,google-research_text-to-text-transfer-transformer,2019-10-24 07:34:41,2020-01-30 00:00:00
641,JuliusKunze_jaxnet,2019-08-11 12:58:55,2020-01-30 00:00:00
642,DIYer22_zcs,2019-07-19 08:39:40,2020-01-30 00:00:00
643,cyclica_deriver,2019-09-27 01:09:51,2020-01-30 00:00:00
644,ganguli-lab_twpca,2017-11-23 10:37:59,2020-01-30 00:00:00
645,poldracklab_niworkflows,2018-12-13 04:25:13,2020-01-30 00:00:00
646,HiveTraum_kiss_cache,2019-09-26 19:33:47,2020-01-30 00:00:00
647,Zabamund_wellpathpy,2019-10-01 22:05:08,2020-01-30 00:00:00
648,gregoil_rotest,2018-03-28 18:50:40,2020-01-30 00:00:00
649,ICRC-BME_PySigView,2019-07-04 13:25:02,2020-01-30 00:00:00
650,jsingh811_pyAudioProcessing,2019-08-21 21:34:10,2020-01-30 00:00:00
651,Zac-HD_js-regex,2019-10-17 19:52:15,2020-01-30 00:00:00
652,davidreiman_Gil-Galad,2019-04-13 05:39:33,2020-01-30 00:00:00
653,xadupre_scikit-onnxruntime,2019-02-22 01:07:36,2020-01-30 00:00:00
654,rth_vtext,2019-09-24 05:56:31,2020-01-30 00:00:00
655,uber_bayesmark,2019-09-28 16:46:48,2020-01-30 00:00:00
656,neo-ai_neo-ai-dlr,2019-03-21 23:03:07,2020-01-30 00:00:00
657,JackTEK05_Jack.py,2018-06-05 16:41:00,2020-01-30 00:00:00
658,guildai_guild,2019-01-23 04:35:20,2020-01-30 00:00:00
659,DIYer22_retail_product_checkout_tools,2019-01-05 22:05:07,2020-01-30 00:00:00
660,lloydwindrim_hyperspectral-autoencoders,2019-08-26 10:58:44,2020-01-30 00:00:00
661,lifeomic_phc-sdk-py,2019-10-29 19:57:52,2020-01-30 00:00:00
662,google_TensorNetwork,2019-05-21 12:32:49,2020-01-30 00:00:00
663,lepy_gmsh_api,2019-06-07 22:38:35,2020-01-30 00:00:00
664,Spotflock_studio-sdk-python,2019-03-25 23:48:12,2020-01-30 00:00:00
665,Idein_nnoir,2019-03-06 08:59:19,2020-01-30 00:00:00
666,eriknyquist_chatbot_utils,2019-03-07 16:45:42,2020-01-30 00:00:00
667,RLOpensource_tensorflow_RL,2019-01-22 13:19:04,2020-01-30 00:00:00
668,microsoft_MazeExplorer,2019-06-19 00:21:10,2020-01-30 00:00:00
669,JarryShaw_f2format,2019-05-10 14:57:24,2020-01-30 00:00:00
670,IlyaGusev_rupo,2019-01-21 17:40:06,2020-01-30 00:00:00
671,gilad-rubin_hypster,2019-08-27 21:20:48,2020-01-30 00:00:00
672,beringresearch_lab,2019-07-08 16:00:31,2020-01-30 00:00:00
673,hanslovsky_fuse,2018-10-27 05:24:22,2020-01-30 00:00:00
674,machielg_sparkle-hypothesis,2019-09-19 07:03:30,2020-01-30 00:00:00
675,jamalex_notion-py,2018-12-02 17:39:31,2020-01-30 00:00:00
676,jan-mue_geometer,2019-07-28 06:47:01,2020-01-30 00:00:00
677,nattvara_saas,2019-01-20 23:14:02,2020-01-30 00:00:00
678,mxmlnkn_ratarmount,2019-11-14 12:14:27,2020-01-30 00:00:00
679,big-data-lab-team_sam,2019-03-05 08:17:13,2020-01-30 00:00:00
680,picklelo_zerofs,2019-04-25 17:35:48,2020-01-30 00:00:00
681,vrthra_safemount,2019-09-23 19:43:47,2020-01-30 00:00:00
682,UnDarkle_pytest-rotest,2019-09-08 12:10:55,2020-01-30 00:00:00
683,wiheto_teneto,2019-06-26 06:54:36,2020-01-30 00:00:00
684,ratt-ru_ragavi,2019-03-05 18:19:20,2020-01-30 00:00:00
685,higlass_simple-httpfs,2018-12-23 04:16:12,2020-01-30 00:00:00
686,dang3r_clickupy,2019-05-09 08:11:41,2020-01-30 00:00:00
687,IamShobe_elrados,2018-07-15 17:53:44,2020-01-30 00:00:00
688,Overv_gitlabfs,2019-07-15 02:01:24,2020-01-30 00:00:00
689,higlass_higlass-python,2018-12-12 02:55:53,2020-01-30 00:00:00
690,nbraingroup_fmridenoise,2019-09-02 04:19:41,2020-01-30 00:00:00
691,RainMark_oxfs,2019-06-29 07:59:04,2020-01-30 00:00:00
692,jinfagang_onnxexplorer,2019-09-30 03:13:45,2020-01-30 00:00:00
693,boat-group_fancy-nlp,2019-08-25 09:18:31,2020-01-30 00:00:00
694,1papaya_tebetebe,2019-09-20 18:05:14,2020-01-30 00:00:00
695,AuraiProject_freesia,2019-03-07 05:38:11,2020-01-30 00:00:00
696,paoloserra_crystalball,2019-03-22 10:17:30,2020-01-30 00:00:00
697,jolespin_soothsayer,2019-09-14 05:42:57,2020-01-30 00:00:00
